municipality,promedio
Bogotá,109.7389562836371
Pereira,110.15575464645333
Cali,111.04830764264034
Manizales,111.19702279072429
Barranquilla,111.2727622792453
Bucaramanga,111.75713119285042
Cartagena,112.71883511642241
Medellín,113.49611579037186
